Sub,Title,Author,Upvotes,Number_of_comments,Post_link,Reations
,b'migraine world summit - 16-24 march 202',u/kalayna,70,38,/r/migraine/comments/t3pm6f/migraine_world_summit_1624_march_2022/,['migraine']
,b'dae feel intoxicated during a high-pain level migraine attack',u/lemonpee,65,16,/r/migraine/comments/vjaa5x/dae_feel_intoxicated_during_a_highpain_level/,"['migraine', 'pain']"
,b'lying here waiting for the zolmitriptan to kick in and i can\xe2\x80\x99t decide whether sans undertale would have migraines on the scary blue eye side or the other side?? need y\xe2\x80\x99all\xe2\x80\x99s opi',u/screaming-coffee,8,2,https://i.redd.it/shlo6mk6ex491.jpg,['migraine']
,b'things that give me a migraine (self.mi',u/PrincipessaEboli,58,5,/r/migrainecirclejerk/comments/udd8h3/things_that_give_me_a_migraine/,['migraine']
,b'q: how is cannabis working or not for your migraines? (self.m',u/XerMidwest,4,4,/r/MigraineTreatment/comments/eri2kn/q_how_is_cannabis_working_or_not_for_your/,['migraine']
,b'icecream could possible relieve migraine (self.m',u/tarrynpreto2019,17,4,/r/MigraineTreatment/comments/ej5fw9/icecream_could_possible_relieve_migraine/,['migraine']
,b'help with transient ischaemic attack or ocular migraine diagnosis (self',u/WeirdUncleScabby,6,9,/r/OcularMigraines/comments/vcmmk7/help_with_transient_ischaemic_attack_or_ocular/,['migraine']
,"b'asmr, visual sensitivity and migraines survey (self'",u/Crysalis5482,6,2,/r/OcularMigraines/comments/vbkwvs/asmr_visual_sensitivity_and_migraines_survey/,['migraine']
,"b'asmr, visual sensitivity and migraines (s'",u/Crysalis5482,6,2,/r/cgrpMigraine/comments/vbkzb5/asmr_visual_sensitivity_and_migraines/,['migraine']
,"b'extreme migraine and stiff neck post emgality, and abdominal cramping. every time (2 years) (s'",u/Fries_andgravy,4,4,/r/cgrpMigraine/comments/vbl2o8/extreme_migraine_and_stiff_neck_post_emgality_and/,['migraine']
